,ds,yhat
0,2016-01-04,114.78384933792303
1,2016-01-05,114.73239532214693
2,2016-01-06,114.75320997631539
3,2016-01-07,114.40358618212616
4,2016-01-08,114.30812831711079
5,2016-01-11,114.72194713764776
6,2016-01-12,114.7299999620626
7,2016-01-13,114.7989005292642
8,2016-01-14,114.48236870188985
9,2016-01-15,114.40172730207775
10,2016-01-19,114.64975326193667
11,2016-01-20,114.60915173729519
12,2016-01-21,114.1558020746006
13,2016-01-22,113.91174557418083
14,2016-01-25,113.6009348938677
15,2016-01-26,113.27688892723386
16,2016-01-27,112.97238208207351
17,2016-01-28,112.24508549659969
18,2016-01-29,111.72120390371927
19,2016-02-01,110.5789413357667
20,2016-02-02,109.99466244807232
21,2016-02-03,109.44505131588276
22,2016-02-04,108.4913125419701
23,2016-02-05,107.76275845762942
24,2016-02-08,106.16053384067686
25,2016-02-09,105.47927850147602
26,2016-02-10,104.86188890893227
27,2016-02-11,103.86931343229412
28,2016-02-12,103.13006404231815
29,2016-02-16,101.05309341912785
30,2016-02-17,100.53855564515844
31,2016-02-18,99.664104060271
32,2016-02-19,99.05549297185587
33,2016-02-22,98.01560329135519
34,2016-02-23,97.57451878566135
35,2016-02-24,97.21628037026404
36,2016-02-25,96.49768596701264
37,2016-02-26,96.04344570299816
38,2016-02-29,95.45313264665666
39,2016-03-01,95.15769793874642
40,2016-03-02,94.94396511968124
41,2016-03-03,94.3696934476779
42,2016-03-04,94.06072660553379
43,2016-03-07,93.92437719238686
44,2016-03-08,93.79031266825498
45,2016-03-09,93.7446515931208
46,2016-03-10,93.3458274092896
47,2016-03-11,93.22005872110554
48,2016-03-14,93.67827328265321
49,2016-03-15,93.75497016438818
50,2016-03-16,93.92419037303878
51,2016-03-17,93.74252877843446
52,2016-03-18,93.83405703649942
53,2016-03-21,94.92006674064933
54,2016-03-22,95.18904143554616
55,2016-03-23,95.53751830397445
56,2016-03-24,95.51952302211343
57,2016-03-28,97.15368058212171
58,2016-03-29,97.48009491607371
59,2016-03-30,97.86210335405053
60,2016-03-31,97.85406053604329
61,2016-04-01,98.07857918667914
62,2016-04-04,99.3182892350074
63,2016-04-05,99.56083046792915
64,2016-04-06,99.84837037116372
65,2016-04-07,99.73882118730546
66,2016-04-08,99.858543559918
67,2016-04-11,100.80233168964723
68,2016-04-12,100.96462982506046
69,2016-04-13,101.1866365782487
70,2016-04-14,101.029001276967
71,2016-04-15,101.1203224748161
72,2016-04-18,102.11056664188385
73,2016-04-19,102.33351322832473
74,2016-04-20,102.63770324356656
75,2016-04-21,102.58216075888244
76,2016-04-22,102.79323885786954
77,2016-04-25,104.21827131803472
78,2016-04-26,104.5990670835717
79,2016-04-27,105.06073616562864
80,2016-04-28,105.15801459650386
81,2016-04-29,105.51300483569575
82,2016-05-02,107.27683155887584
83,2016-05-03,107.72818840395551
84,2016-05-04,108.23476519165013
85,2016-05-05,108.34952024911556
86,2016-05-06,108.69346185975532
87,2016-05-09,110.25286638318948
88,2016-05-10,110.58255460183223
89,2016-05-11,110.94418995544137
90,2016-05-12,110.89374081545576
91,2016-05-13,111.05572999142466
92,2016-05-16,112.00942678801279
93,2016-05-17,112.13185986087169
94,2016-05-18,112.29097319366096
95,2016-05-19,112.04699556162986
96,2016-05-20,112.02842554434692
97,2016-05-23,112.55163757811611
98,2016-05-24,112.57605957643264
99,2016-05-25,112.66254727266667
100,2016-05-26,112.37189996558195
101,2016-05-27,112.33249642391011
102,2016-05-31,113.03013347550505
103,2016-06-01,113.20131666820194
104,2016-06-02,113.00827745084139
105,2016-06-03,113.07593155878156
106,2016-06-06,114.02307495717707
107,2016-06-07,114.22600973556736
108,2016-06-08,114.50009891331521
109,2016-06-09,114.4004836132696
110,2016-06-10,114.55017381270031
111,2016-06-13,115.66461200086832
112,2016-06-14,115.89657353150868
113,2016-06-15,116.18759162582758
114,2016-06-16,116.09441012016232
115,2016-06-17,116.24212350488187
116,2016-06-20,117.3264801172993
117,2016-06-21,117.55025117947113
118,2016-06-22,117.83910472194702
119,2016-06-23,117.75269917312362
120,2016-06-24,117.91877919107402
121,2016-06-27,119.14807651950318
122,2016-06-28,119.45417220007575
123,2016-06-29,119.84279565357473
124,2016-06-30,119.87282298418846
125,2016-07-01,120.17049900121015
126,2016-07-05,122.3303593552125
127,2016-07-06,122.88120830205798
128,2016-07-07,123.06704596355866
129,2016-07-08,123.50927078808982
130,2016-07-11,125.51728741949823
131,2016-07-12,126.04020591664317
132,2016-07-13,126.61108244676481
133,2016-07-14,126.78132085627753
134,2016-07-15,127.17033162220432
135,2016-07-18,128.78689761431576
136,2016-07-19,129.10497607466039
137,2016-07-20,129.43782660361822
138,2016-07-21,129.34072709281563
139,2016-07-22,129.43786659950274
140,2016-07-25,130.09082024894303
141,2016-07-26,130.0809658709346
142,2016-07-27,130.09469939178376
143,2016-07-28,129.69475987184154
144,2016-07-29,129.51263476493426
145,2016-08-01,129.53579647628519
146,2016-08-02,129.4041218739993
147,2016-08-03,129.34720839395672
148,2016-08-04,128.93041852062169
149,2016-08-05,128.78662083885342
150,2016-08-08,129.24988100550422
151,2016-08-09,129.36463534902921
152,2016-08-10,129.59648490733503
153,2016-08-11,129.50451253198486
154,2016-08-12,129.71430047513417
155,2016-08-15,131.3264102785937
156,2016-08-16,131.8227655264833
157,2016-08-17,132.41965452916466
158,2016-08-18,132.66677642515862
159,2016-08-19,133.18074165250437
160,2016-08-22,135.41676280413395
161,2016-08-23,136.0033650511681
162,2016-08-24,136.62386685341835
163,2016-08-25,136.82535311069674
164,2016-08-26,137.22340414205428
165,2016-08-29,138.70069597804235
166,2016-08-30,138.90854666549706
167,2016-08-31,139.09639484525917
168,2016-09-01,138.81856135752767
169,2016-09-02,138.69875960135536
170,2016-09-06,138.1172114150694
171,2016-09-07,137.7398767573946
172,2016-09-08,136.91755224927306
173,2016-09-09,136.28336642905958
174,2016-09-12,134.79011815451875
175,2016-09-13,134.10575605620812
176,2016-09-14,133.47569532298502
177,2016-09-15,132.4672022130521
178,2016-09-16,131.71506410110638
179,2016-09-19,130.27326375102146
180,2016-09-20,129.7332960042915
181,2016-09-21,129.30436630366367
182,2016-09-22,128.54809061691918
183,2016-09-23,128.09280387312305
184,2016-09-26,127.73647266751527
185,2016-09-27,127.59750564017045
186,2016-09-28,127.57616923085055
187,2016-09-29,127.22659740698134
188,2016-09-30,127.17008343381048
189,2016-10-03,127.90152541140135
190,2016-10-04,128.07254876432182
191,2016-10-05,128.32890316632952
192,2016-10-06,128.22253262576962
193,2016-10-07,128.3734868350283
194,2016-10-10,129.51392366000712
195,2016-10-11,129.75448429406245
196,2016-10-12,130.05083869449854
197,2016-10-13,129.95802945308725
198,2016-10-14,130.09955493668204
199,2016-10-17,131.11080640837335
200,2016-10-18,131.2869959579333
201,2016-10-19,131.5140714970001
202,2016-10-20,131.35006464587505
203,2016-10-21,131.42104440049684
204,2016-10-24,132.24293879258371
205,2016-10-25,132.36694020187957
206,2016-10-26,132.5477401299831
207,2016-10-27,132.3429100685972
208,2016-10-28,132.37764100407935
209,2016-10-31,133.1046716473762
210,2016-11-01,133.19614392407317
211,2016-11-02,133.34100027195845
212,2016-11-03,133.09511176455987
213,2016-11-04,133.08214157012316
214,2016-11-07,133.61508479667773
215,2016-11-08,133.62295260578475
216,2016-11-09,133.67483107589254
217,2016-11-10,133.32730263717607
218,2016-11-11,133.28289591994573
219,2016-11-14,133.69387319374331
220,2016-11-15,133.65930309552718
221,2016-11-16,133.67215227977823
222,2016-11-17,133.29176553932143
223,2016-11-18,133.14571610205024
224,2016-11-21,133.33104272072694
225,2016-11-22,133.25499362896687
226,2016-11-23,133.2459908120419
227,2016-11-25,132.73813519035048
228,2016-11-28,133.10578226552533
229,2016-11-29,133.1275251976893
230,2016-11-30,133.23157016955597
231,2016-12-01,132.9756095422644
232,2016-12-02,132.98468316348402
233,2016-12-05,133.7822957332492
234,2016-12-06,133.94357289943179
235,2016-12-07,134.17940849971677
236,2016-12-08,134.04422842068152
237,2016-12-09,134.1601015501259
238,2016-12-12,135.17066647330742
239,2016-12-13,135.36176900829477
240,2016-12-14,135.60559570822704
241,2016-12-15,135.4567204506659
242,2016-12-16,135.53796176475282
243,2016-12-19,136.33492815651562
244,2016-12-20,136.42601978696862
245,2016-12-21,136.56028699439705
246,2016-12-22,136.29562376554253
247,2016-12-23,136.25830181741398
248,2016-12-27,136.71218193925242
249,2016-12-28,136.76312891023795
250,2016-12-29,136.43008850431917
251,2016-12-30,136.34092194085892
252,2017-01-03,136.76383749627317
253,2017-01-04,136.84849888323325
254,2017-01-05,136.5625835247369
255,2017-01-06,136.53141371324912
256,2017-01-09,137.14875986652035
257,2017-01-10,137.23046252618232
258,2017-01-11,137.376903354613
259,2017-01-12,137.14227326166124
260,2017-01-13,137.14826464744056
261,2017-01-17,137.7934278521603
262,2017-01-18,137.86449445541763
263,2017-01-19,137.52722446058965
264,2017-01-20,137.40318585174964
265,2017-01-23,137.4699226761983
266,2017-01-24,137.27515447542316
267,2017-01-25,137.10032286988968
268,2017-01-26,136.50228065957748
269,2017-01-27,136.10642348732185
270,2017-01-30,135.33330557509598
271,2017-01-31,134.86488487806125
272,2017-02-01,134.4266329766541
273,2017-02-02,133.57935802944573
274,2017-02-03,132.95208395587682
275,2017-02-06,131.62138539946244
276,2017-02-07,131.02000948029405
277,2017-02-08,130.4775086002156
278,2017-02-09,129.55515764728318
279,2017-02-10,128.88186589397066
280,2017-02-13,127.57828525888094
281,2017-02-14,127.03562734143908
282,2017-02-15,126.57306842074836
283,2017-02-16,125.7493223072991
284,2017-02-17,125.19059515972742
285,2017-02-21,123.90801318885966
286,2017-02-22,123.60025912542307
287,2017-02-23,122.93271464793314
288,2017-02-24,122.53006829489412
289,2017-02-27,122.09665892195912
290,2017-02-28,121.85361055994314
291,2017-03-01,121.69191623601971
292,2017-03-02,121.1690814543746
293,2017-03-03,120.9107028581614
294,2017-03-06,120.91894400434994
295,2017-03-07,120.8302066614219
296,2017-03-08,120.82834265053081
297,2017-03-09,120.471830412817
298,2017-03-10,120.38700772267332
299,2017-03-13,120.96216574500198
300,2017-03-14,121.07698909898315
301,2017-03-15,121.28460945557302
302,2017-03-16,121.1421078555125
303,2017-03-17,121.27406747747293
304,2017-03-20,122.49417268716763
305,2017-03-21,122.81374377093599
306,2017-03-22,123.21647838102228
307,2017-03-23,123.25673623708916
308,2017-03-24,123.55649017837608
309,2017-03-27,125.16751211259805
310,2017-03-28,125.5740270221031
311,2017-03-29,126.04016421437859
312,2017-03-30,126.11992178514936
313,2017-03-31,126.43546126913985
314,2017-04-03,127.96185745502231
315,2017-04-04,128.30230757673655
316,2017-04-05,128.68774515975878
317,2017-04-06,128.67535906381934
318,2017-04-07,128.89080604645318
319,2017-04-10,130.1068023129473
320,2017-04-11,130.35309784347845
321,2017-04-12,130.65509336437736
322,2017-04-13,130.57322224223867
323,2017-04-17,131.91566896558027
324,2017-04-18,132.19441399525138
325,2017-04-19,132.5514968976489
326,2017-04-20,132.54655249491876
327,2017-04-21,132.80662343043625
328,2017-04-24,134.3766836094329
329,2017-04-25,134.80784477550463
330,2017-04-26,135.32220618425993
331,2017-04-27,135.4752341070476
332,2017-04-28,135.8896924879498
333,2017-05-01,137.8594412175177
334,2017-05-02,138.3897752826389
335,2017-05-03,138.98075798473272
336,2017-05-04,139.18529930433104
337,2017-05-05,139.62422208390757
338,2017-05-08,141.49595160003966
339,2017-05-09,141.93704243747754
340,2017-05-10,142.41257797023317
341,2017-05-11,142.47773547225327
342,2017-05-12,142.75620843810094
343,2017-05-15,144.05622843579806
344,2017-05-16,144.2903884603199
345,2017-05-17,144.5581739030536
346,2017-05-18,144.4192180094809
347,2017-05-19,144.501528387389
348,2017-05-22,145.29942037444818
349,2017-05-23,145.40568545126936
350,2017-05-24,145.56928353661957
351,2017-05-25,145.35127509618786
352,2017-05-26,145.38041122107572
353,2017-05-30,146.32172236419768
354,2017-05-31,146.54933794633806
355,2017-06-01,146.41227811216726
356,2017-06-02,146.53611248511007
357,2017-06-05,147.6587760578894
358,2017-06-06,147.9240898097181
359,2017-06-07,148.26302767966604
360,2017-06-08,148.23088637869407
361,2017-06-09,148.45071452216177
362,2017-06-12,149.79020918196323
363,2017-06-13,150.10109271140612
364,2017-06-14,150.47226958324754
365,2017-06-15,150.4599517352036
366,2017-06-16,150.6886596294888
367,2017-06-19,152.01086932597653
368,2017-06-20,152.3103422568688
369,2017-06-21,152.6722975141971
370,2017-06-22,152.65602759316076
371,2017-06-23,152.88901558842346
372,2017-06-26,154.2988856901951
373,2017-06-27,154.6588566009976
374,2017-06-28,155.0987366712816
375,2017-06-29,155.1779206270215
376,2017-06-30,155.5232884418331
377,2017-07-03,157.35513944876507
378,2017-07-05,158.47866915419937
379,2017-07-06,158.7209410884796
380,2017-07-07,159.22417342577162
381,2017-07-10,161.4499554910055
382,2017-07-11,162.058876151577
383,2017-07-12,162.72300229478944
384,2017-07-13,162.99380189378985
385,2017-07-14,163.49056101621605
386,2017-07-17,165.46937238366738
387,2017-07-18,165.91889847399545
388,2017-07-19,166.38697357313748
389,2017-07-20,166.4277174982745
390,2017-07-21,166.66405261093945
391,2017-07-24,167.72905248279088
392,2017-07-25,167.85005701243395
393,2017-07-26,167.9891619270627
394,2017-07-27,167.70788327218662
395,2017-07-28,167.63661525053294
396,2017-07-31,167.93717030427044
397,2017-08-01,167.87781528261857
398,2017-08-02,167.88285359422733
399,2017-08-03,167.51784200978318
400,2017-08-04,167.41609512692426
401,2017-08-07,167.95521934188528
402,2017-08-08,168.082286078029
403,2017-08-09,168.3223193566648
404,2017-08-10,168.23603360857732
405,2017-08-11,168.45073685962626
406,2017-08-14,170.0907904364575
407,2017-08-15,170.6066978066654
408,2017-08-16,171.2309790607471
409,2017-08-17,171.51476407140615
410,2017-08-18,172.0759088418781
411,2017-08-21,174.5256352870131
412,2017-08-22,175.20926842378452
413,2017-08-23,175.9398795787911
414,2017-08-24,176.2642375308245
415,2017-08-25,176.79722383777894
416,2017-08-28,178.74254129628886
417,2017-08-29,179.12308380276528
418,2017-08-30,179.48931123522192
419,2017-08-31,179.39375057962388
420,2017-09-01,179.4582424558276
421,2017-09-05,179.59621685516566
422,2017-09-06,179.38536588321813
423,2017-09-07,178.72098283015893
424,2017-09-08,178.23490529193273
425,2017-09-11,177.1174306747974
426,2017-09-12,176.533522571552
427,2017-09-13,175.99117977880087
428,2017-09-14,175.05785273137244
429,2017-09-15,174.3687574702028
430,2017-09-18,173.05092780633134
431,2017-09-19,172.53402186620337
432,2017-09-20,172.12111558822951
433,2017-09-21,171.37523020539552
434,2017-09-22,170.92615718726955
435,2017-09-25,170.57800927783734
436,2017-09-26,170.44293091859467
437,2017-09-27,170.4281715728543
438,2017-09-28,170.0889465823017
439,2017-09-29,170.04747972727665
440,2017-10-02,170.85904010315528
441,2017-10-03,171.0698008954161
442,2017-10-04,171.3726529889492
443,2017-10-05,171.31943626418985
444,2017-10-06,171.52994631925543
445,2017-10-09,172.88305287171605
446,2017-10-10,173.2038943537668
447,2017-10-11,173.58409915728078
448,2017-10-12,173.57799273110638
449,2017-10-13,173.80836193445327
450,2017-10-16,175.09240991293038
451,2017-10-17,175.35973312059667
452,2017-10-18,175.67730295589172
453,2017-10-19,175.60284956208488
454,2017-10-20,175.76224238586826
455,2017-10-23,176.8420406665676
456,2017-10-24,177.0498603105222
457,2017-10-25,177.31374627954145
458,2017-10-26,177.19156466181707
459,2017-10-27,177.30883821876824
460,2017-10-30,178.28637154505856
461,2017-10-31,178.46341507173133
462,2017-11-01,178.69534767942153
463,2017-11-02,178.53824041507903
464,2017-11-03,178.61588561870283
465,2017-11-06,179.43176133152022
466,2017-11-07,179.53723822244015
467,2017-11-08,179.68796852047723
468,2017-11-09,179.44017745418867
469,2017-11-10,179.4182573129056
470,2017-11-13,179.8946259526098
471,2017-11-14,179.87942973304902
472,2017-11-15,179.90957670532214
473,2017-11-16,179.54393071141098
474,2017-11-17,179.4096326083783
475,2017-11-20,179.60898882996594
476,2017-11-21,179.5298741406828
477,2017-11-22,179.51384514455415
478,2017-11-24,178.98057012718346
479,2017-11-27,179.28624623127115
480,2017-11-28,179.28281663173578
481,2017-11-29,179.3604037939379
482,2017-11-30,179.07735263277206
483,2017-12-01,179.05937684582952
484,2017-12-04,179.78274675691287
485,2017-12-05,179.92363912654642
486,2017-12-06,180.14216022841768
487,2017-12-07,179.99315136748473
488,2017-12-08,180.0990002523481
489,2017-12-11,181.103886458237
490,2017-12-12,181.30099874815724
491,2017-12-13,181.554572821614
492,2017-12-14,181.41884068059213
493,2017-12-15,181.51618609311714
494,2017-12-18,182.37378157031023
495,2017-12-19,182.48712231985897
496,2017-12-20,182.64356612144536
497,2017-12-21,182.40035783294886
498,2017-12-22,182.38315208250972
499,2017-12-26,182.89390754897008
500,2017-12-27,182.95137567426818
501,2017-12-28,182.621422223831
502,2017-12-29,182.53193313005468
503,2018-01-02,182.9240269181712
504,2018-01-03,182.9956666332407
505,2018-01-04,182.6957373359955
506,2018-01-05,182.65023959352092
507,2018-01-08,183.22989181059998
508,2018-01-09,183.30317082730082
509,2018-01-10,183.44436863745324
510,2018-01-11,183.20825393118125
511,2018-01-12,183.2170134221846
512,2018-01-16,183.92199446956488
513,2018-01-17,184.02071477986834
514,2018-01-18,183.71594443600762
515,2018-01-19,183.62891839031707
516,2018-01-22,183.82880595669934
517,2018-01-23,183.68368190616457
518,2018-01-24,183.5598972277336
519,2018-01-25,183.01350309557282
520,2018-01-26,182.66907763524867
521,2018-01-29,182.04096289479332
522,2018-01-30,181.6153086393791
523,2018-01-31,181.2159612277899
524,2018-02-01,180.40320709207631
525,2018-02-02,179.80564761867163
526,2018-02-05,178.53265300045499
527,2018-02-06,177.9397207783124
528,2018-02-07,177.40038402299763
529,2018-02-08,176.47613749361955
530,2018-02-09,175.79619716667787
531,2018-02-12,174.44824581492384
532,2018-02-13,173.88425630121262
533,2018-02-14,173.39795631675722
534,2018-02-15,172.54857838919784
535,2018-02-16,171.9628265486888
536,2018-02-20,170.56669284056065
537,2018-02-21,170.23079013789996
538,2018-02-22,169.53558906711243
539,2018-02-23,169.1058461519986
540,2018-02-26,168.5941378385529
541,2018-02-27,168.32556210432836
542,2018-02-28,168.13829758451737
543,2018-03-01,167.58960757858804
544,2018-03-02,167.12635279921085
545,2018-03-05,166.51433509022579
546,2018-03-06,166.21630657313202
547,2018-03-07,166.00366376737767
548,2018-03-08,165.43484260652937
549,2018-03-09,165.13620776260646
550,2018-03-12,165.06228816379993
551,2018-03-13,164.95903174279792
552,2018-03-14,164.9482946767341
553,2018-03-15,164.5875933922128
554,2018-03-16,164.50198869425543
555,2018-03-19,165.07833360474157
556,2018-03-20,165.1880093745547
557,2018-03-21,165.38399837511884
558,2018-03-22,165.22107728167668
559,2018-03-23,165.32157126325683
560,2018-03-26,166.3606201029068
561,2018-03-27,166.585367438601
562,2018-03-28,166.87406712614845
563,2018-03-29,166.78048880527777
564,2018-04-02,167.9620728584386
565,2018-04-03,168.1429442582379
566,2018-04-04,168.36969298650587
567,2018-04-05,168.19878836105667
568,2018-04-06,168.25516202595676
569,2018-04-09,168.9836948568852
570,2018-04-10,169.0620316803778
571,2018-04-11,169.19249203366118
572,2018-04-12,168.93514962670562
573,2018-04-13,168.91826490037013
574,2018-04-16,169.53329130546166
575,2018-04-17,169.61569235209902
576,2018-04-18,169.77289754680882
577,2018-04-19,169.565031471663
578,2018-04-20,169.619725288083
579,2018-04-23,170.56594302354037
580,2018-04-24,170.78917220243756
581,2018-04-25,171.0969505853952
582,2018-04-26,171.04553148958692
583,2018-04-27,171.2584231245148
584,2018-04-30,172.6471260546326
585,2018-05-01,172.99330638400102
586,2018-05-02,173.40543086446374
587,2018-05-03,173.43653314569303
588,2018-05-04,173.70742227058705
589,2018-05-07,175.10530612273408
590,2018-05-08,175.39717119167238
591,2018-05-09,175.72688098465483
592,2018-05-10,175.64889955515807
593,2018-05-11,175.78614227307503
594,2018-05-14,176.66562121874418
595,2018-05-15,176.75786786800654
596,2018-05-16,176.8815531630336
597,2018-05-17,176.59560578463436
598,2018-05-18,176.44200105018035
599,2018-05-21,176.50647847251557
600,2018-05-22,176.3587843511865
601,2018-05-23,176.26353565674492
602,2018-05-24,175.7819010988621
603,2018-05-25,175.54286341333375
604,2018-05-29,175.37433964211925
605,2018-05-30,175.3180060745773
606,2018-05-31,174.89569739129024
607,2018-06-01,174.73366205961443
608,2018-06-04,175.00139536236745
609,2018-06-05,174.9844914558425
610,2018-06-06,175.04332877889908
611,2018-06-07,174.73349985425338
612,2018-06-08,174.6782376613378
613,2018-06-11,175.20814153119335
614,2018-06-12,175.25384928274548
615,2018-06-13,175.3616629027872
616,2018-06-14,175.08734261271894
617,2018-06-15,175.05489067473744
618,2018-06-18,175.5929134344933
619,2018-06-19,175.62879258256794
620,2018-06-20,175.72513211413315
621,2018-06-21,175.44075218477673
622,2018-06-22,175.40274639476564
623,2018-06-25,175.9800281119255
624,2018-06-26,176.0557818804041
625,2018-06-27,176.2083582992329
626,2018-06-28,175.99750993807092
627,2018-06-29,176.05060435769124
628,2018-07-02,176.99877134210686
629,2018-07-03,177.22453001788148
630,2018-07-05,177.4878532645842
631,2018-07-06,177.70460856365062
632,2018-07-09,179.100271213165
633,2018-07-10,179.4445970415084
634,2018-07-11,179.85104500498576
635,2018-07-12,179.87136935750704
636,2018-07-13,180.1249661771555
637,2018-07-16,181.41644048028544
638,2018-07-17,181.64937192038002
639,2018-07-18,181.90588494328227
640,2018-07-19,181.7391131420905
641,2018-07-20,181.77085217949093
642,2018-07-23,182.22675837928426
643,2018-07-24,182.14171876914534
644,2018-07-25,182.07095157454626
645,2018-07-26,181.57463540566377
646,2018-07-27,181.28191421369172
647,2018-07-30,180.86912456343413
648,2018-07-31,180.55304065956696
649,2018-08-01,180.29109156124855
650,2018-08-02,179.64871557895592
651,2018-08-03,179.25935854915934
652,2018-08-06,178.87924205597926
653,2018-08-07,178.68397373404542
654,2018-08-08,178.59569212674322
655,2018-08-09,178.1765740408627
656,2018-08-10,178.0555296396635
657,2018-08-13,178.68818898850168
658,2018-08-14,178.87418572034363
659,2018-08-15,179.1744012571468
660,2018-08-16,179.14157808089655
661,2018-08-17,179.3950439034312
662,2018-08-20,180.98718771595966
663,2018-08-21,181.4095915475534
664,2018-08-22,181.8920480083455
665,2018-08-23,181.98136452367658
666,2018-08-24,182.29217714333691
667,2018-08-27,183.64160133721134
668,2018-08-28,183.8435944597129
669,2018-08-29,184.03902994858927
670,2018-08-30,183.7787961301881
671,2018-08-31,183.68296589910827
672,2018-09-04,183.18556542417662
673,2018-09-05,182.8079778233822
674,2018-09-06,181.97019456102103
675,2018-09-07,181.3025282477212
676,2018-09-10,179.57881680403148
677,2018-09-11,178.76935800370347
678,2018-09-12,177.98885751706274
679,2018-09-13,176.8046302397338
680,2018-09-14,175.8520133960973
681,2018-09-17,173.6727239541492
682,2018-09-18,172.84772437982622
683,2018-09-19,172.11805497287247
684,2018-09-20,171.04802890008193
685,2018-09-21,170.26882457018328
686,2018-09-24,168.90889877821817
687,2018-09-25,168.43427321544684
688,2018-09-26,168.08112058640714
689,2018-09-27,167.40589892350485
690,2018-09-28,167.03194829988698
691,2018-10-01,166.87601136186584
692,2018-10-02,166.77636843598174
693,2018-10-03,166.77547582222974
694,2018-10-04,166.42527555089697
695,2018-10-05,166.3454988744974
696,2018-10-08,166.8650778173317
697,2018-10-09,166.91896467655897
698,2018-10-10,167.036652711109
699,2018-10-11,166.77177649248995
700,2018-10-12,166.7464079756672
701,2018-10-15,167.27441742687935
702,2018-10-16,167.29130575084372
703,2018-10-17,167.35831558104846
704,2018-10-18,167.03275376877423
705,2018-10-19,166.94016322764247
706,2018-10-22,167.25701836494852
707,2018-10-23,167.36152250747065
708,2018-10-24,167.5210696128262
709,2018-10-25,167.2937510455337
710,2018-10-26,167.30537226059522
711,2018-10-29,167.96620053742492
712,2018-10-30,168.03892522184444
713,2018-10-31,168.167711135786
714,2018-11-01,167.90890234071438
715,2018-11-02,167.88650726382673
716,2018-11-05,168.4133155782256
717,2018-11-06,168.42607724775283
718,2018-11-07,168.48567823498587
719,2018-11-08,168.14807886405762
720,2018-11-09,168.0373315795437
721,2018-11-12,168.24879940683473
722,2018-11-13,168.14418484725886
723,2018-11-14,168.08348165364538
724,2018-11-15,167.62503531642784
725,2018-11-16,167.39549613937547
726,2018-11-19,167.2903394539733
727,2018-11-20,167.1024299108004
728,2018-11-21,166.97366531131453
729,2018-11-23,166.2030860890249
730,2018-11-26,166.12592088192704
731,2018-11-27,165.98911750189023
732,2018-11-28,165.93128738718175
733,2018-11-29,165.51137601263596
734,2018-11-30,165.35574142612745
735,2018-12-03,165.66806266649854
736,2018-12-04,165.67478021407513
737,2018-12-06,165.48376308387913
738,2018-12-07,165.46421412860983
739,2018-12-10,166.11616325452036
740,2018-12-11,166.20399233427497
741,2018-12-12,166.35230212074364
742,2018-12-13,166.11511299227385
743,2018-12-14,166.1144917905173
744,2018-12-17,166.69460149549948
745,2018-12-18,166.71905441709188
746,2018-12-19,166.7873640428789
747,2018-12-20,166.45611402580516
748,2018-12-21,166.35030493667006
749,2018-12-24,166.5810605904773
750,2018-12-26,166.44713257482027
751,2018-12-27,166.01425061284863
752,2018-12-28,165.81841124071343
753,2018-12-31,165.86965076411016
754,2019-01-02,165.70298461222987
755,2019-01-03,165.28008370009812
756,2019-01-04,165.1104601377486
757,2019-01-07,165.31765196557254
758,2019-01-08,165.26914541714072
759,2019-01-09,165.29092476710136
760,2019-01-10,164.93841668774357
761,2019-01-11,164.9248188926507
762,2019-01-14,165.53373408706906
763,2019-01-15,165.58542076676494
764,2019-01-16,165.68557130726572
765,2019-01-17,165.38732205184985
766,2019-01-18,165.31172756188667
767,2019-01-22,165.45358356166884
768,2019-01-23,165.35908765651538
769,2019-01-24,164.843580648338
770,2019-01-25,164.53084614614312
771,2019-01-28,163.99448898603416
772,2019-01-29,163.59567771885
773,2019-01-30,163.22008684911316
774,2019-01-31,162.4273720670992
775,2019-02-01,161.84558975843134
776,2019-02-04,160.59040252770447
777,2019-02-05,159.99279050175124
778,2019-02-06,159.44335728372818
779,2019-02-07,158.50369459433293
780,2019-02-08,157.80321485026678
781,2019-02-11,156.366140533139
782,2019-02-12,155.76468393766245
783,2019-02-13,155.23785353996846
784,2019-02-14,154.34540460213162
785,2019-02-15,153.7145626847558
786,2019-02-19,152.12741504115314
787,2019-02-20,151.74307528282208
788,2019-02-21,150.9997387439058
789,2019-02-22,150.52232374336722
790,2019-02-25,149.87088404935582
791,2019-02-26,149.5566497028398
792,2019-02-27,149.32395008196593
793,2019-02-28,148.72983935030246
794,2019-03-01,148.39942366656047
795,2019-03-04,148.18208024711245
796,2019-03-05,148.01354775208836
797,2019-03-06,147.92905373227566
798,2019-03-07,147.4869144804742
799,2019-03-08,147.3134357561295
800,2019-03-11,147.60628628285727
801,2019-03-12,147.62290894791656
802,2019-03-13,147.73130570847513
803,2019-03-14,147.48935974342658
804,2019-03-15,147.52255481486543
805,2019-03-18,148.46039580243192
806,2019-03-19,148.6939823117361
807,2019-03-20,149.01644214530086
808,2019-03-21,148.98302894497235
809,2019-03-22,149.21649874915508
810,2019-03-25,150.67859564733172
811,2019-03-26,151.0530860464956
812,2019-03-27,151.4959946275295
813,2019-03-28,151.5609958053706
814,2019-03-29,151.86971745738143
815,2019-04-01,153.41503595331972
816,2019-04-02,153.7713266394255
817,2019-04-03,154.17524648955788
818,2019-04-04,154.1825795620061
819,2019-04-05,154.4175424334597
820,2019-04-08,155.67676332054307
821,2019-04-09,155.9280337295593
822,2019-04-10,156.22844321602525
823,2019-04-11,156.13757990752316
824,2019-04-12,156.28331780121172
825,2019-04-15,157.3609287863909
826,2019-04-16,157.5890036534091
827,2019-04-17,157.88789423896222
828,2019-04-18,157.81807433979472
829,2019-04-22,159.34547863570796
830,2019-04-23,159.69730798473148
831,2019-04-24,160.13402513684093
832,2019-04-25,160.21269289258203
833,2019-04-26,160.55761378833947
834,2019-04-29,162.3613157634345
835,2019-04-30,162.85418158112694
836,2019-05-01,163.41794564692952
837,2019-05-02,163.6059310192561
838,2019-05-03,164.03910429680198
839,2019-05-06,165.9557672010855
840,2019-05-07,166.4303656866345
841,2019-05-08,166.9469798433846
842,2019-05-09,167.05946864954592
843,2019-05-10,167.3900535940168
844,2019-05-13,168.85892927953702
845,2019-05-14,169.14798765194107
846,2019-05-15,169.46727002013643
847,2019-05-16,169.37492027423195
848,2019-05-17,169.49760355273867
849,2019-05-20,170.3686873829245
850,2019-05-21,170.48100662746432
851,2019-05-22,170.6409303341229
852,2019-05-23,170.40957357196035
853,2019-05-24,170.41599542653626
854,2019-05-28,171.1868340195013
855,2019-05-29,171.35702944178703
856,2019-05-30,171.15911040980728
857,2019-05-31,171.21999516551628
858,2019-06-03,172.1543883395861
859,2019-06-04,172.36109978949236
860,2019-06-05,172.6451565405672
861,2019-06-06,172.56257371954817
862,2019-06-07,172.7369067742192
863,2019-06-10,173.97124022512946
864,2019-06-11,174.25690740087921
865,2019-06-12,174.60693881375943
866,2019-06-13,174.57674935430248
867,2019-06-14,174.78990892057323
868,2019-06-17,176.0683766643794
869,2019-06-18,176.3503392323496
870,2019-06-19,176.69141668349747
871,2019-06-20,176.64988147029678
872,2019-06-21,176.85233717443742
873,2019-06-24,178.1330812895022
874,2019-06-25,178.4366806407453
875,2019-06-26,178.813759509475
876,2019-06-27,178.82425866339386
877,2019-06-28,179.0958700109729
878,2019-07-01,180.68776341703318
879,2019-07-02,181.1264323356359
880,2019-07-03,181.65088722647053
881,2019-07-05,182.25201279167544
882,2019-07-08,184.32237687092774
883,2019-07-09,184.90201646276694
884,2019-07-10,185.55011230890045
885,2019-07-11,185.81890374568428
886,2019-07-12,186.32811502726491
887,2019-07-15,188.42993996646558
888,2019-07-16,188.94675391953976
889,2019-07-17,189.49318639485193
890,2019-07-18,189.62158871265336
891,2019-07-19,189.95280882734107
892,2019-07-22,191.32147973141784
893,2019-07-23,191.5411331296015
894,2019-07-24,191.77297084562892
895,2019-07-25,191.57577542691095
896,2019-07-26,191.57733714536096
897,2019-07-29,192.00621403916725
898,2019-07-30,191.9535996593043
899,2019-07-31,191.9453471273302
900,2019-08-01,191.54647693983108
901,2019-08-02,191.390255154413
902,2019-08-05,191.64926266473472
903,2019-08-06,191.64883379657454
904,2019-08-07,191.7478289274777
905,2019-08-08,191.50966786024077
906,2019-08-09,191.56468300045083
907,2019-08-12,192.71236732088002
908,2019-08-13,193.07147421125964
909,2019-08-14,193.5484905300778
910,2019-08-15,193.69789240319022
911,2019-08-16,194.1406493852815
912,2019-08-19,196.35729393524292
913,2019-08-20,197.0105159436534
914,2019-08-21,197.73642150353783
915,2019-08-22,198.0822077947651
916,2019-08-23,198.66262044958788
917,2019-08-26,200.89648211314363
918,2019-08-27,201.41608877552508
919,2019-08-28,201.93870602537902
920,2019-08-29,202.01379649303846
921,2019-08-30,202.25983259541158
922,2019-09-03,203.15929408335577
923,2019-09-04,203.12883395682724
924,2019-09-05,202.63412885975467
925,2019-09-06,202.3032834987865
926,2019-09-09,201.5377392640691
927,2019-09-10,201.02630815997355
928,2019-09-11,200.53176286304785
929,2019-09-12,199.62095826884672
930,2019-09-13,198.92903116555405
931,2019-09-16,197.45722851289776
932,2019-09-17,196.84499572638734
933,2019-09-18,196.3179933387614
934,2019-09-19,195.44166063426096
935,2019-09-20,194.84843887872887
936,2019-09-23,194.0141695067095
937,2019-09-24,193.70886054955005
938,2019-09-25,193.52448473988244
939,2019-09-26,193.01886615911093
940,2019-09-27,192.81661552365938
941,2019-09-30,193.19913320662207
942,2019-10-01,193.28957946151706
943,2019-10-02,193.48506051409743
944,2019-10-03,193.33784026045385
945,2019-10-04,193.46779524476239
946,2019-10-07,194.65607045251042
947,2019-10-08,194.944965788324
948,2019-10-09,195.30289271106582
949,2019-10-10,195.28285933638827
950,2019-10-11,195.5062565626664
951,2019-10-14,196.79698174839507
952,2019-10-15,197.07126848282533
953,2019-10-16,197.39620375324708
954,2019-10-17,197.32856230576243
955,2019-10-18,197.49344073023258
956,2019-10-21,198.57698597184864
957,2019-10-22,198.78123688416022
958,2019-10-23,199.03932817339523
959,2019-10-24,198.90948480510843
960,2019-10-25,199.01772083801933
961,2019-10-28,199.96613981639175
962,2019-10-29,200.13510558140547
963,2019-10-30,200.36090443868767
964,2019-10-31,200.20020514757883
965,2019-11-01,200.27730132176666
966,2019-11-04,201.11285062407933
967,2019-11-05,201.23224365028747
968,2019-11-06,201.40027777563046
969,2019-11-07,201.17275112292637
970,2019-11-08,201.17347112528267
971,2019-11-11,201.72416029811527
972,2019-11-12,201.73275074683912
973,2019-11-13,201.78448133675232
974,2019-11-14,201.43716886110917
975,2019-11-15,201.31694102171232
976,2019-11-18,201.5240103295186
977,2019-11-19,201.43361363133
978,2019-11-20,201.40296826914124
979,2019-11-21,200.98794881199618
980,2019-11-22,200.8168204379345
981,2019-11-25,200.98753248068988
982,2019-11-26,200.9266066217109
983,2019-11-27,200.94194617956637
984,2019-11-29,200.5067720423978
985,2019-12-02,201.02415132525292
986,2019-12-03,201.10042616217677
987,2019-12-04,201.258457604976
988,2019-12-05,201.05420488130287
989,2019-12-06,201.11103042753555
990,2019-12-09,202.01321164188914
991,2019-12-10,202.19236942465415
992,2019-12-11,202.43613383233935
993,2019-12-12,202.2984538770408
994,2019-12-13,202.40121223206586
995,2019-12-16,203.3112888212748
996,2019-12-17,203.45076631928768
997,2019-12-18,203.63566010427294
998,2019-12-19,203.4219119525128
999,2019-12-20,203.43386259547867
1000,2019-12-23,204.0129977203785
1001,2019-12-24,204.03376331438818
1002,2019-12-26,203.77555626939883
1003,2019-12-27,203.683391769922
1004,2019-12-30,204.02522409968952
1005,2019-12-31,203.99846025829302
1006,2020-01-02,203.69856920214212
1007,2020-01-03,203.61212296720953
1008,2020-01-06,204.06363119687728
1009,2020-01-07,204.09713133116827
1010,2020-01-08,204.20240422951383
1011,2020-01-09,203.93558485050275
1012,2020-01-10,203.9201264966901
1013,2020-01-13,204.54639463586832
1014,2020-01-14,204.6129867369722
1015,2020-01-15,204.73307610052154
1016,2020-01-16,204.45990375508765
1017,2020-01-17,204.41450240933935
1018,2020-01-21,204.72349299572605
1019,2020-01-22,204.68016725866897
1020,2020-01-23,204.21836240933195
1021,2020-01-24,203.96112144100255
1022,2020-01-27,203.59402196076428
1023,2020-01-28,203.24984930376692
1024,2020-01-29,202.9266984742506
1025,2020-01-30,202.18350681306765
1026,2020-01-31,201.64768057820493
1027,2020-02-03,200.5037640806114
1028,2020-02-04,199.93314923517997
1029,2020-02-05,199.4053259141993
1030,2020-02-06,198.48184867095924
1031,2020-02-07,197.79220078099075
1032,2020-02-10,196.35853535954826
1033,2020-02-11,195.74937074467167
1034,2020-02-12,195.2111390513355
1035,2020-02-13,194.3040965416066
1036,2020-02-14,193.6559892472567
1037,2020-02-18,191.98324279166064
1038,2020-02-19,191.57564939988706
1039,2020-02-20,190.80905417603293
1040,2020-02-21,190.3086299007047
1041,2020-02-24,189.59108965890547
1042,2020-02-25,189.25590611741217
1043,2020-02-26,189.00268355003914
1044,2020-02-27,188.3883197619715
1045,2020-02-28,188.03772083285608
1046,2020-03-02,187.75785582733505
1047,2020-03-03,187.56699501708874
1048,2020-03-04,187.45904587158742
1049,2020-03-05,186.99214259664552
1050,2020-03-06,186.7924575222481
1051,2020-03-09,186.99762371978386
1052,2020-03-10,186.98221039771244
1053,2020-03-11,187.0574594061713
1054,2020-03-12,186.78153858818942
1055,2020-03-13,186.7802829641
1056,2020-03-16,187.61624391871393
1057,2020-03-17,187.81799318586872
1058,2020-03-18,188.11053914057786
1059,2020-03-19,188.049647563251
1060,2020-03-20,188.25856052057853
1061,2020-03-23,189.66865327764276
1062,2020-03-24,190.03406886652422
1063,2020-03-25,190.47233865443687
1064,2020-03-26,190.53717399946223
1065,2020-03-27,190.85013426961152
1066,2020-03-30,192.43231980960823
1067,2020-03-31,192.8076878623423
1068,2020-04-01,193.23322421860453
1069,2020-04-02,193.2640901394205
1070,2020-04-03,193.523827275136
1071,2020-04-06,194.85766830860925
1072,2020-04-07,195.13152999549163
1073,2020-04-08,195.45227007373023
1074,2020-04-09,195.37888811754564
1075,2020-04-13,196.63501599758237
1076,2020-04-14,196.86079156703883
1077,2020-04-15,197.1531304705128
1078,2020-04-16,197.07270200326573
1079,2020-04-17,197.24791965742364
1080,2020-04-20,198.52516414478916
1081,2020-04-21,198.85303253084427
1082,2020-04-22,199.26512833545576
1083,2020-04-23,199.3193112386754
1084,2020-04-24,199.64069353675717
1085,2020-04-27,201.3872785487348
1086,2020-04-28,201.86796785035264
1087,2020-04-29,202.57148903838342
1088,2020-04-30,202.90409360993723
1089,2020-05-01,203.4870693253377
1090,2020-05-04,205.88546851592662
1091,2020-05-05,206.5311476873469
1092,2020-05-06,207.22362024682644
1093,2020-05-07,207.51627381393982
1094,2020-05-08,208.03074967193118
1095,2020-05-11,210.06656746410172
1096,2020-05-12,210.54704243806998
1097,2020-05-13,211.05756256287924
1098,2020-05-14,211.155439349068
1099,2020-05-15,211.46654091838596
1100,2020-05-18,212.88502488670173
1101,2020-05-19,213.17197136862794
1102,2020-05-20,213.5019323001844
1103,2020-05-21,213.4358057179823
1104,2020-05-22,213.60256426661456
1105,2020-05-26,214.9685499569642
1106,2020-05-27,215.27767736413068
1107,2020-05-28,215.21576093498916
1108,2020-05-29,215.41034563808194
1109,2020-06-01,216.73871673000957
1110,2020-06-02,217.07660162660585
1111,2020-06-03,217.49278668338565
1112,2020-06-04,217.54381637990323
1113,2020-06-05,217.85369191698152
1114,2020-06-08,219.50917315950778
1115,2020-06-09,219.94048197341783
1116,2020-06-10,220.43870312891005
1117,2020-06-11,220.55903291333456
1118,2020-06-12,220.92471981834234
1119,2020-06-15,222.66834009974545
1120,2020-06-16,223.10608271525984
1121,2020-06-17,223.60232705604088
1122,2020-06-18,223.7147566307269
1123,2020-06-19,224.0694162714388
1124,2020-06-22,225.79152743081295
1125,2020-06-23,226.23604600316682
1126,2020-06-24,226.75065697717966
1127,2020-06-25,226.89531944085567
1128,2020-06-26,227.29787926873746
1129,2020-06-29,229.26689259739078
1130,2020-06-30,229.82784404917987
1131,2020-07-01,230.47405102226477
1132,2020-07-02,230.76327160320065
1133,2020-07-06,233.77697948081868
1134,2020-07-07,234.49374126349952
1135,2020-07-08,235.28449704409172
1136,2020-07-09,235.70213900292939
1137,2020-07-10,236.3669127316783
1138,2020-07-13,238.97852786047406
1139,2020-07-14,239.67969039116497
1140,2020-07-15,240.41723211315494
1141,2020-07-16,240.742948535489
1142,2020-07-17,241.27694914982357
1143,2020-07-20,243.27694626642577
1144,2020-07-21,243.7107708796325
1145,2020-07-22,244.15644134521222
1146,2020-07-23,244.17134196848124
1147,2020-07-24,244.38186202744902
1148,2020-07-27,245.40549330935124
1149,2020-07-28,245.53647791341785
1150,2020-07-29,245.7028837654049
1151,2020-07-30,245.46903891387018
1152,2020-07-31,245.46773435442162
1153,2020-08-03,246.1296765662844
1154,2020-08-04,246.24381081695745
1155,2020-08-05,246.4485440940825
1156,2020-08-06,246.30827890309138
1157,2020-08-07,246.45454153487893
1158,2020-08-10,247.8506273344215
1159,2020-08-11,248.28957908307805
1160,2020-08-12,248.84789798512065
1161,2020-08-13,249.08185014259823
1162,2020-08-14,249.61415527603356
1163,2020-08-17,252.14547121101208
1164,2020-08-18,252.92351723101348
1165,2020-08-19,253.7860134172523
1166,2020-08-20,254.28088114993227
1167,2020-08-21,255.02332444553795
1168,2020-08-24,257.82135779002016
1169,2020-08-25,258.55376817131
1170,2020-08-26,259.30024512420596
1171,2020-08-27,259.609088760287
1172,2020-08-28,260.09739469748945
1173,2020-08-31,261.7649298124927
1174,2020-09-01,262.01791541141483
1175,2020-09-02,262.24653957677856
1176,2020-09-03,262.00815758585463
1177,2020-09-04,261.9295338620286
1178,2020-09-08,261.587845296435
1179,2020-09-09,261.30208539775816
1180,2020-09-10,260.588148836011
1181,2020-09-11,260.08064800206307
1182,2020-09-14,259.0861082767671
1183,2020-09-15,258.60843425349015
1184,2020-09-16,258.20472206308193
1185,2020-09-17,257.44132329352675
1186,2020-09-18,256.95176622368365
1187,2020-09-21,256.3857182507201
1188,2020-09-22,256.16026165062954
1189,2020-09-23,256.0534008283724
1190,2020-09-24,255.62440433550066
1191,2020-09-25,255.49926841319132
1192,2020-09-28,256.1284601711821
1193,2020-09-29,256.30970743396813
1194,2020-09-30,256.60161938233335
1195,2020-10-01,256.55700603304433
1196,2020-10-02,256.79611055505177
1197,2020-10-05,258.3521332234756
1198,2020-10-06,258.77658179427954
1199,2020-10-07,259.2759619497817
1200,2020-10-08,259.40275745366586
1201,2020-10-09,259.77775020196947
1202,2020-10-12,261.5450079178765
1203,2020-10-13,261.98301778782627
1204,2020-10-14,262.4729692176685
1205,2020-10-15,262.5710159664671
1206,2020-10-16,262.9017029363956
1207,2020-10-19,264.4791798866085
1208,2020-10-20,264.84599214684386
1209,2020-10-21,265.2653978477115
1210,2020-10-22,265.2956460248364
1211,2020-10-23,265.5628636949258
1212,2020-10-26,266.9837876858235
1213,2020-10-27,267.30977673579685
1214,2020-10-28,267.6929336175267
1215,2020-10-29,267.6902786968083
1216,2020-10-30,267.9264377363632
1217,2020-11-02,269.2479869940259
1218,2020-11-03,269.5329175979898
1219,2020-11-04,269.8683733498003
1220,2020-11-05,269.8100973131093
1221,2020-11-06,269.98175599036756
1222,2020-11-09,271.0527569641909
1223,2020-11-10,271.2360476368372
1224,2020-11-11,271.46235040898495
1225,2020-11-12,271.28896998206557
1226,2020-11-13,271.3415065536933
1227,2020-11-16,272.05471859309756
1228,2020-11-17,272.12743450713515
1229,2020-11-18,272.2520945592402
1230,2020-11-19,271.9886718991378
1231,2020-11-20,271.9652525012297
1232,2020-11-23,272.55548109351406
1233,2020-11-24,272.6269520445609
1234,2020-11-25,272.7714376156949
1235,2020-11-27,272.5865794753975
1236,2020-11-30,273.46798441918116
1237,2020-12-01,273.6651264463805
1238,2020-12-02,273.94490955698035
1239,2020-12-03,273.86394513599987
1240,2020-12-04,274.0462074947679
1241,2020-12-07,275.34274671748966
1242,2020-12-08,275.6606692929506
1243,2020-12-09,276.04725191176897
1244,2020-12-10,276.05651596522756
1245,2020-12-11,276.3103014431585
1246,2020-12-14,277.6958578941539
1247,2020-12-15,278.00008529108794
1248,2020-12-16,278.35203609455016
1249,2020-12-17,278.5796847392004
1250,2020-12-18,279.03411281302505
1251,2020-12-21,280.94059732479184
1252,2020-12-22,281.4016615856951
1253,2020-12-23,281.9076739622049
1254,2020-12-24,282.0174652389035
1255,2020-12-28,283.97873705562705
1256,2020-12-29,284.3714241394652
1257,2020-12-30,284.825591900643
1258,2020-12-31,284.90108688260625
1259,2021-01-04,286.8994048436188
1260,2021-01-05,287.33921697487625
1261,2021-01-06,287.8513814880285
1262,2021-01-07,287.9927600018694
1263,2021-01-08,288.38752037472455
1264,2021-01-11,290.2631071299888
1265,2021-01-12,290.75420452679543
1266,2021-01-13,291.30353023721455
1267,2021-01-14,291.46458209350834
1268,2021-01-15,291.8585286298116
1269,2021-01-19,293.9744535407166
1270,2021-01-20,294.3937492565182
1271,2021-01-21,294.39793140801754
1272,2021-01-22,294.6093852599452
1273,2021-01-25,295.65712227525404
1274,2021-01-26,295.78480755469843
1275,2021-01-27,295.9322847070831
1276,2021-01-28,295.65771081596256
1277,2021-01-29,295.5877592331571
1278,2021-02-01,295.818730202877
1279,2021-02-02,295.69718275128815
1280,2021-02-03,295.61324300822173
1281,2021-02-04,295.1282887126928
1282,2021-02-05,294.8717382936658
1283,2021-02-08,294.70490368247573
1284,2021-02-09,294.50828022516265
1285,2021-02-10,294.3783228023548
1286,2021-02-11,293.8757410325832
1287,2021-02-12,293.6287744740255
1288,2021-02-16,293.5377427412152
1289,2021-02-17,293.5223499241479
1290,2021-02-18,293.14753494155144
1291,2021-02-19,293.0388111320274
1292,2021-02-22,293.49824991975953
1293,2021-02-23,293.5564329378886
1294,2021-02-24,293.69712091535365
1295,2021-02-25,293.47712487688506
1296,2021-02-26,293.5212072262076
1297,2021-03-01,294.42520488639036
1298,2021-03-02,294.6280976003664
1299,2021-03-03,294.91305333465766
1300,2021-03-04,294.83797992157264
1301,2021-03-05,295.02885719985466
1302,2021-03-08,296.3969291569399
1303,2021-03-09,296.7661444148463
1304,2021-03-10,297.3080864136817
1305,2021-03-11,297.49768675483557
1306,2021-03-12,297.9610475224752
1307,2021-03-15,300.1890759688664
1308,2021-03-16,300.8557322228999
1309,2021-03-17,301.6144565338405
1310,2021-03-18,302.02153647949115
1311,2021-03-19,302.7007302367489
1312,2021-03-22,305.5402552596696
1313,2021-03-23,306.38967096983464
1314,2021-03-24,307.31618960009854
1315,2021-03-25,307.87368455792995
1316,2021-03-26,308.6837779257089
1317,2021-03-29,311.7832514583845
1318,2021-03-30,312.67216688325084
1319,2021-03-31,313.61447105622
1320,2021-04-01,314.16478958658996
1321,2021-04-05,317.85014276912466
1322,2021-04-06,318.6469145272779
1323,2021-04-07,319.48912619889006
1324,2021-04-08,319.9351128571712
1325,2021-04-09,320.61163432561835
1326,2021-04-12,323.2368013391
1327,2021-04-13,323.9640880710567
1328,2021-04-14,324.7536212766069
1329,2021-04-15,325.1661057491242
1330,2021-04-16,325.8301187562033
1331,2021-04-19,328.55251523772836
1332,2021-04-20,329.3567286890939
1333,2021-04-21,330.24356443286626
1334,2021-04-22,330.7716322691489
1335,2021-04-23,331.566834698859
1336,2021-04-26,334.7425356053674
1337,2021-04-27,335.7047215015279
1338,2021-04-28,336.7459446906848
1339,2021-04-29,337.4205438427004
1340,2021-04-30,338.3502766467331
1341,2021-05-03,341.8203986061466
1342,2021-05-04,342.83409789911633
1343,2021-05-05,343.8997854869488
1344,2021-05-06,344.570531077323
1345,2021-05-07,345.4675339099757
1346,2021-05-10,348.671529791949
1347,2021-05-11,349.5458452673435
1348,2021-05-12,350.45108304144765
1349,2021-05-13,350.94370964039894
1350,2021-05-14,351.64875543910097
1351,2021-05-17,354.2364369250743
1352,2021-05-18,354.90663900487556
1353,2021-05-19,355.6157141910405
1354,2021-05-20,355.9241861438894
1355,2021-05-21,356.46077828341396
1356,2021-05-24,358.66685775894854
1357,2021-05-25,359.25800729188853
1358,2021-05-26,358.8684983552301
1359,2021-05-27,358.1043163859844
1360,2021-05-28,357.5935577416438
1361,2021-06-01,356.42045241955395
1362,2021-06-02,356.12564173094853
1363,2021-06-03,355.4664870124541
1364,2021-06-04,355.067537247792
1365,2021-06-07,354.60889599516975
1366,2021-06-08,354.34050279776505
1367,2021-06-09,354.14168587968834
1368,2021-06-10,353.56756318477443
1369,2021-06-11,353.2411918018078
1370,2021-06-14,352.9195800104365
1371,2021-06-15,352.6710102659596
1372,2021-06-16,352.481073098699
1373,2021-06-17,351.9068572999355
1374,2021-06-18,351.5738147540895
1375,2021-06-21,351.22105005307185
1376,2021-06-22,350.96852823560357
1377,2021-06-23,350.7828711693195
1378,2021-06-24,350.2238945676617
1379,2021-06-25,349.9194293709408
1380,2021-06-28,349.74893132183905
1381,2021-06-29,349.59186338114785
1382,2021-06-30,349.51858613441425
1383,2021-07-01,349.08759420689927
1384,2021-07-02,348.9246900113713
1385,2021-07-06,349.2363259542921
1386,2021-07-07,349.32091323003505
1387,2021-07-08,349.03774340136584
1388,2021-07-09,349.00774416462974
1389,2021-07-12,349.57608119212733
1390,2021-07-13,349.6106288993782
1391,2021-07-14,349.6887429649402
1392,2021-07-15,349.36190177576776
1393,2021-07-16,349.24970610790996
1394,2021-07-19,349.34149461492956
1395,2021-07-20,349.1459866483201
1396,2021-07-21,348.9636767041223
1397,2021-07-22,348.35060343523986
1398,2021-07-23,347.93176410782706
1399,2021-07-26,347.04512511331376
1400,2021-07-27,346.52759456669054
1401,2021-07-28,346.0376814881732
1402,2021-07-29,345.13878167228904
1403,2021-07-30,344.4629426218207
1404,2021-08-02,343.0402589249382
1405,2021-08-03,342.43899544874523
1406,2021-08-04,341.91860350902147
1407,2021-08-05,341.0441778447606
1408,2021-08-06,340.4481714051138
1409,2021-08-09,339.58116683183306
1410,2021-08-10,339.25862919199886
1411,2021-08-11,339.05468738618134
1412,2021-08-12,338.5273878067929
1413,2021-08-13,338.3012434913673
1414,2021-08-16,338.5912686803733
1415,2021-08-17,338.6388017992838
1416,2021-08-18,338.7813015128917
1417,2021-08-19,338.5677188494983
1418,2021-08-20,338.61404581268073
1419,2021-08-23,339.4016113428774
1420,2021-08-24,339.489717403161
1421,2021-08-25,339.60405865325123
1422,2021-08-26,339.2920765448907
1423,2021-08-27,339.16976203039945
1424,2021-08-30,339.0524851437665
1425,2021-08-31,338.7206725964179
1426,2021-09-01,338.366519415757
1427,2021-09-02,337.5454711623739
1428,2021-09-03,336.8823881316904
1429,2021-09-07,334.1493469914094
1430,2021-09-08,333.24462439632157
1431,2021-09-09,331.9008172777883
1432,2021-09-10,330.7516994850671
1433,2021-09-13,327.7572379762572
1434,2021-09-14,326.58765903708377
1435,2021-09-15,325.4799187190481
1436,2021-09-16,324.00102567680466
1437,2021-09-17,322.78537251455083
1438,2021-09-20,319.98861593014675
1439,2021-09-21,319.0064786555646
1440,2021-09-22,318.13876058057406
1441,2021-09-23,316.9462028656998
1442,2021-09-24,316.05625601151905
1443,2021-09-27,314.39711404689405
1444,2021-09-28,313.82163716212386
1445,2021-09-29,313.3615252477694
1446,2021-09-30,312.57035360275796
1447,2021-10-01,312.06895607174147
1448,2021-10-04,311.4430375901787
1449,2021-10-05,311.1535689712024
1450,2021-10-06,310.94543396693723
1451,2021-10-07,310.37072947401674
1452,2021-10-08,310.04973780864
1453,2021-10-11,309.7559258856958
1454,2021-10-12,309.51356756530714
1455,2021-10-13,309.3252917093229
1456,2021-10-14,308.74656837014413
1457,2021-10-15,308.40130664274386
1458,2021-10-18,307.9505718114964
1459,2021-10-19,307.6398665234763
1460,2021-10-20,307.38061428792645
1461,2021-10-21,306.73096645266224
1462,2021-10-22,306.31705053373594
1463,2021-10-25,305.68845726233513
1464,2021-10-26,305.3300237503955
1465,2021-10-27,305.02865224801565
1466,2021-10-28,304.34171474677964
1467,2021-10-29,303.8941908138859
1468,2021-11-01,303.17150078940574
1469,2021-11-02,302.7781416308481
1470,2021-11-03,302.43714177513874
1471,2021-11-04,301.7042945903191
1472,2021-11-05,301.2032329344825
1473,2021-11-08,300.26556375765136
1474,2021-11-09,299.78152079714664
1475,2021-11-10,299.3409555965314
1476,2021-11-11,298.5007028312398
1477,2021-11-12,297.88585705488015
1478,2021-11-15,296.5886140696815
1479,2021-11-16,295.9867161815557
1480,2021-11-17,295.4337730191929
1481,2021-11-18,294.4893891804397
1482,2021-11-19,293.7813593620744
1483,2021-11-22,292.29432463610317
1484,2021-11-23,291.66555677350294
1485,2021-11-24,291.10615266518676
1486,2021-11-26,289.503888600589
1487,2021-11-29,288.24232541267804
1488,2021-11-30,287.7230223572953
1489,2021-12-01,287.28640151102246
1490,2021-12-02,286.48975044939687
1491,2021-12-03,285.957702824237
1492,2021-12-06,285.12552397434575
1493,2021-12-07,284.74026321919683
1494,2021-12-08,284.4274670447293
1495,2021-12-09,283.74136981282544
1496,2021-12-10,283.3039124743196
1497,2021-12-13,282.63974435087556
1498,2021-12-14,282.26794314371074
1499,2021-12-15,281.94682632497774
1500,2021-12-16,281.23122895782865
1501,2021-12-17,280.7442786827512
1502,2021-12-20,279.83145957440684
1503,2021-12-21,279.35218221976635
1504,2021-12-22,278.9165142380693
1505,2021-12-23,278.08272034562265
1506,2021-12-27,276.2419910509279
1507,2021-12-28,275.6759685343475
1508,2021-12-29,275.1680172093104
1509,2021-12-30,274.27812718078945
1510,2021-12-31,273.6340734512353
1511,2022-01-03,272.38900393359563
1512,2022-01-04,271.8530055702096
1513,2022-01-05,271.3890455964764
1514,2022-01-06,270.5546981316309
1515,2022-01-07,269.9748574585468
1516,2022-01-10,268.9404278615072
1517,2022-01-11,268.468244089093
1518,2022-01-12,268.05854134883907
1519,2022-01-13,267.26521359299295
1520,2022-01-14,266.7097152477868
1521,2022-01-18,265.0786565176184
1522,2022-01-19,264.5731682406702
1523,2022-01-20,263.65663277128135
1524,2022-01-21,262.95088629292
1525,2022-01-24,261.2614002991816
1526,2022-01-25,260.4789371008807
1527,2022-01-26,259.7160494092964
1528,2022-01-27,258.53008104004863
1529,2022-01-28,257.54691609259424
1530,2022-01-31,255.0201862229372
1531,2022-02-01,253.97136302108245
1532,2022-02-02,252.9553413164184
1533,2022-02-03,251.53318296862557
1534,2022-02-04,250.3341015337893
1535,2022-02-07,247.30733094184484
1536,2022-02-08,246.14701534632366
1537,2022-02-09,245.04861278812163
1538,2022-02-10,243.5732138164153
1539,2022-02-11,242.34949878479262
1540,2022-02-14,239.407625159302
1541,2022-02-15,238.32217816560177
1542,2022-02-16,237.31796409383097
1543,2022-02-17,235.95339767195995
1544,2022-02-18,234.85440712515975
1545,2022-02-22,231.41191076721304
1546,2022-02-23,230.56370562083896
1547,2022-02-24,229.35537222747288
1548,2022-02-25,228.41160181704637
1549,2022-02-28,226.35341027446069
1550,2022-03-01,225.56865120238683
1551,2022-03-02,224.86541690906097
1552,2022-03-03,223.80136518254375
1553,2022-03-04,223.0022430455324
1554,2022-03-07,221.39239468488648
1555,2022-03-08,220.76598717520514
1556,2022-03-09,220.22737281733444
1557,2022-03-10,219.33501401796883
1558,2022-03-11,218.71518832023986
1559,2022-03-14,217.6891265391168
1560,2022-03-15,217.27083890576336
1561,2022-03-16,216.94525469386056
1562,2022-03-17,216.26916803423967
1563,2022-03-18,215.86685780283037
1564,2022-03-21,215.47693118237947
1565,2022-03-22,215.25642374010485
1566,2022-03-23,215.11693820773976
1567,2022-03-24,214.6126225777109
1568,2022-03-25,214.36528465924033
1569,2022-03-28,214.31910087828584
1570,2022-03-29,214.1679362085829
1571,2022-03-30,214.07393026466966
1572,2022-03-31,213.5912802850134
1573,2022-04-01,213.34240506407258
1574,2022-04-04,213.1668276835194
1575,2022-04-05,212.93833670923868
1576,2022-04-06,212.7547308601919
1577,2022-04-07,212.17363456703634
1578,2022-04-08,211.821131474468
1579,2022-04-11,211.34172767555268
1580,2022-04-12,211.0267989197638
1581,2022-04-13,210.76993467948188
1582,2022-04-14,210.1317160344755
1583,2022-04-18,209.27423413357886
1584,2022-04-19,209.008781709599
1585,2022-04-20,208.82349601207116
1586,2022-04-21,208.2776584365509
1587,2022-04-22,207.99790833846356
1588,2022-04-25,207.95038811704043
1589,2022-04-26,207.84138267239797
1590,2022-04-27,207.81429479337882
1591,2022-04-28,207.42414366599883
1592,2022-04-29,207.29328444027576
1593,2022-05-02,207.61096934098282
1594,2022-05-03,207.58448527338146
1595,2022-05-04,207.6153948843281
1596,2022-05-05,207.25661642945803
1597,2022-05-06,207.12906371453224
1598,2022-05-09,207.28452040605038
1599,2022-05-10,207.14895262772367
1600,2022-05-11,207.04621583168992
1601,2022-05-12,206.53195469815157
1602,2022-05-13,206.23035639009592
1603,2022-05-16,205.7912935293082
1604,2022-05-17,205.4477598020769
1605,2022-05-18,205.139588432021
1606,2022-05-19,204.42678471053523
1607,2022-05-20,203.9376675893341
1608,2022-05-23,203.03785423797243
1609,2022-05-24,202.58404620960712
1610,2022-05-25,202.1904418884783
1611,2022-05-26,201.4179625183366
1612,2022-05-27,200.89515146566598
1613,2022-05-31,199.6478335953406
1614,2022-06-01,199.33123162806433
1615,2022-06-02,198.65032632311159
1616,2022-06-03,198.23028984653797
1617,2022-06-06,197.717629546739
1618,2022-06-07,197.43562715160832
1619,2022-06-08,197.22579832309066
1620,2022-06-09,196.6433290309174
1621,2022-06-10,196.3112270497175
1622,2022-06-13,195.98595476393186
1623,2022-06-14,195.73946100337872
1624,2022-06-15,195.55244242979626
1625,2022-06-16,194.98142238354492
1626,2022-06-17,194.65126112638148
1627,2022-06-21,194.0428616687411
1628,2022-06-22,193.85028924312866
1629,2022-06-23,193.28122442464286
1630,2022-06-24,192.96332412378896
1631,2022-06-27,192.73263234698652
1632,2022-06-28,192.54961051534048
1633,2022-06-29,192.448138299358
1634,2022-06-30,191.98731762124686
1635,2022-07-01,191.79366372093224
1636,2022-07-05,191.98994493515661
1637,2022-07-06,192.05213359862228
1638,2022-07-07,191.75092976288053
1639,2022-07-08,191.70806586413437
1640,2022-07-11,192.27530123934702
1641,2022-07-12,192.3234521213852
1642,2022-07-13,192.42248230543265
1643,2022-07-14,192.1237934965641
1644,2022-07-15,192.04671763413415
1645,2022-07-18,192.28013227094922
1646,2022-07-19,192.14118699927354
1647,2022-07-20,192.01835940107281
1648,2022-07-21,191.46644593922758
1649,2022-07-22,191.10911501176813
1650,2022-07-25,190.39518999551882
1651,2022-07-26,189.92670035615174
1652,2022-07-27,189.47941252857908
1653,2022-07-28,188.61559357038016
1654,2022-07-29,187.96631572834457
1655,2022-08-01,186.56532107552465
1656,2022-08-02,185.95077162274768
1657,2022-08-03,185.4068479573515
1658,2022-08-04,184.49902816747812
1659,2022-08-05,183.86039674328134
1660,2022-08-08,182.81991271097675
1661,2022-08-09,182.42862114993963
1662,2022-08-10,182.15301010847188
1663,2022-08-11,181.5528318310709
1664,2022-08-12,181.25436985266987
1665,2022-08-15,181.34861290199598
1666,2022-08-16,181.3436162505889
1667,2022-08-17,181.44251543285236
1668,2022-08-18,181.19555639631923
1669,2022-08-19,181.21981739316936
1670,2022-08-22,182.01625071380704
1671,2022-08-23,182.13339375398374
1672,2022-08-24,182.28963973337167
1673,2022-08-25,182.03190484609473
1674,2022-08-26,181.9753860815842
1675,2022-08-29,182.11322371466656
1676,2022-08-30,181.8808164211114
1677,2022-08-31,181.63041954975947
1678,2022-09-01,180.9156217210484
1679,2022-09-02,180.3593787643283
1680,2022-09-06,178.02220591255957
1681,2022-09-07,177.19997295898554
1682,2022-09-08,175.92912567187332
1683,2022-09-09,174.84230706220058
1684,2022-09-12,171.96303340437163
1685,2022-09-13,170.8066326518866
1686,2022-09-14,169.69944916797914
1687,2022-09-15,168.2088604497735
1688,2022-09-16,166.9698608627335
1689,2022-09-19,164.0422219207924
1690,2022-09-20,163.00002237285037
1691,2022-09-21,162.06625140267943
1692,2022-09-22,160.80309720416275
1693,2022-09-23,159.83948214247357
1694,2022-09-26,157.95527859494487
1695,2022-09-27,157.30788345688845
1696,2022-09-28,156.779366193001
1697,2022-09-29,155.92427186474447
1698,2022-09-30,155.36424200553898
1699,2022-10-01,153.9919554156831
1700,2022-10-02,153.61103170049918
1701,2022-10-03,154.59962489138232
1702,2022-10-04,154.27725114489533
1703,2022-10-05,154.04290782822434
1704,2022-10-06,153.4484737495369
